Rk,Player,Tm,Age,Pos,G,GS,Tgt,Rec,Ctch%,Yds,Y/R,TD,1D,Lng,Y/Tgt,R/G,Y/G,Fmb
1,Stefon Diggs*+,BUF,27,WR,16,15,166,127,76.50%,1535,12.1,8,73,55,9.2,7.9,95.9,0
2,Davante Adams*+,GNB,28,WR,14,14,149,115,77.20%,1374,11.9,18,73,56,9.2,8.2,98.1,1
3,DeAndre Hopkins*,ARI,28,WR,16,16,160,115,71.90%,1407,12.2,6,75,60,8.8,7.2,87.9,3
4,Darren Waller*,LVR,28,TE,16,15,145,107,73.80%,1196,11.2,9,69,38,8.2,6.7,74.8,2
5,Travis Kelce*+,KAN,31,TE,15,15,145,105,72.40%,1416,13.5,11,79,45,9.8,7,94.4,1
6,Allen Robinson,CHI,27,WR,16,16,151,102,67.50%,1250,12.3,6,68,42,8.3,6.4,78.1,0
7,Keenan Allen *,LAC,28,WR,14,13,147,100,68.00%,992,9.9,8,61,28,6.7,7.1,70.9,3
8,Tyler Lockett,SEA,28,WR,16,16,132,100,75.80%,1054,10.5,10,57,47,8,6.3,65.9,1
9,JuJu Smith-Schuster,PIT,24,WR,16,14,128,97,75.80%,831,8.6,9,48,31,6.5,6.1,51.9,3
10,Robby Anderson,CAR,27,WR,16,16,136,95,69.90%,1096,11.5,3,49,75,8.1,5.9,68.5,1
11,Amari Cooper,DAL,26,WR,16,15,130,92,70.80%,1114,12.1,5,54,69,8.6,5.8,69.6,0
12,Cooper Kupp,LAR,27,WR,15,12,124,92,74.20%,974,10.6,3,44,55,7.9,6.1,64.9,1
13,Calvin Ridley,ATL,26,WR,15,15,143,90,62.90%,1374,15.3,9,65,63,9.6,6,91.6,1
14,Robert Woods,LAR,28,WR,16,16,129,90,69.80%,936,10.4,6,44,56,7.3,5.6,58.5,2
15,Justin Jefferson *,MIN,21,WR,16,14,125,88,70.40%,1400,15.9,7,58,71,11.2,5.5,87.5,1
16,Diontae Johnson,PIT,24,WR,15,13,144,88,61.10%,923,10.5,7,45,47,6.4,5.9,61.5,2
17,Tyreek Hill*+,KAN,26,WR,15,15,135,87,64.40%,1276,14.7,15,57,75,9.5,5.8,85.1,1
18,Terry McLaurin,WAS,25,WR,15,15,134,87,64.90%,1118,12.9,4,51,68,8.3,5.8,74.5,1
19,Alvin Kamara *,NOR,25,rb,15,10,107,83,77.60%,756,9.1,5,35,52,7.1,5.5,50.4,1
20,D.K. Metcalf*,SEA,23,WR,16,16,129,83,64.30%,1303,15.7,10,63,62,10.1,5.2,81.4,1
21,Cole Beasley,BUF,31,wr,15,10,107,82,76.60%,967,11.8,4,53,35,9,5.5,64.5,0
22,Brandin Cooks,HOU,27,WR,15,15,119,81,68.10%,1150,14.2,6,51,57,9.7,5.4,76.7,0
23,J.D. McKissic,WAS,27,rb,16,7,110,80,72.70%,589,7.4,2,32,29,5.4,5,36.8,3
24,Tyler Boyd,CIN,26,wr,15,8,110,79,71.80%,841,10.6,4,43,72,7.6,5.3,56.1,1
25,Curtis Samuel,CAR,24,wr,15,5,97,77,79.40%,851,11.1,3,39,44,8.8,5.1,56.7,1
26,Marvin Jones,DET,30,WR,16,16,115,76,66.10%,978,12.9,9,52,43,8.5,4.8,61.1,0
27,CeeDee Lamb,DAL,21,WR,16,14,111,74,66.70%,935,12.6,5,46,52,8.4,4.6,58.4,2
28,Adam Thielen,MIN,30,WR,15,15,108,74,68.50%,925,12.5,14,52,51,8.6,4.9,61.7,0
29,Russell Gage,ATL,24,wr,16,8,109,72,66.10%,786,10.9,4,50,35,7.2,4.5,49.1,0
30,Jarvis Landry,CLE,28,WR,15,14,101,72,71.30%,840,11.7,3,46,32,8.3,4.8,56,2
31,Logan Thomas,WAS,29,TE,16,15,110,72,65.50%,670,9.3,6,36,30,6.1,4.5,41.9,0
32,A.J. Brown*,TEN,23,WR,14,12,106,70,66.00%,1075,15.4,11,55,73,10.1,5,76.8,2
33,Mike Evans,TAM,27,WR,16,16,109,70,64.20%,1006,14.4,13,55,50,9.2,4.4,62.9,0
34,Tee Higgins,CIN,21,WR,16,14,108,67,62.00%,908,13.6,6,52,67,8.4,4.2,56.8,1
35,T.J. Hockenson *,DET,23,TE,16,16,101,67,66.30%,723,10.8,6,40,51,7.2,4.2,45.2,1
36,D.J. Moore,CAR,23,WR,15,14,118,66,55.90%,1193,18.1,4,53,74,10.1,4.4,79.5,0
37,Sterling Shepard,NYG,27,WR,12,12,90,66,73.30%,656,9.9,3,37,29,7.3,5.5,54.7,0
38,Corey Davis,TEN,25,WR,14,12,92,65,70.70%,984,15.1,5,49,75,10.7,4.6,70.3,1
39,Chris Godwin,TAM,24,WR,12,12,84,65,77.40%,840,12.9,7,43,47,10,5.4,70,1
40,Evan Engram *,NYG,26,TE,16,14,109,63,57.80%,654,10.4,1,29,53,6,3.9,40.9,1
41,Nyheim Hines,IND,24,rb,16,2,76,63,82.90%,482,7.7,4,24,29,6.3,3.9,30.1,0
42,DeVante Parker,MIA,27,WR,14,11,103,63,61.20%,793,12.6,4,45,31,7.7,4.5,56.6,1
43,Dalton Schultz,DAL,24,TE,16,14,89,63,70.80%,615,9.8,4,33,28,6.9,3.9,38.4,1
44,Chase Claypool,PIT,22,wr,16,6,109,62,56.90%,873,14.1,9,41,84,8,3.9,54.6,3
45,Noah Fant,DEN,23,TE,15,14,93,62,66.70%,673,10.9,3,34,37,7.2,4.1,44.9,0
46,Darnell Mooney,CHI,23,wr,16,9,98,61,62.20%,631,10.3,4,33,53,6.4,3.8,39.4,1
47,Emmanuel Sanders,NOR,33,wr,14,5,82,61,74.40%,726,11.9,5,33,51,8.9,4.4,51.9,1
48,Brandon Aiyuk,SFO,22,WR,12,11,96,60,62.50%,748,12.5,5,42,49,7.8,5,62.3,0
49,Hunter Henry,LAC,26,TE,14,14,93,60,64.50%,613,10.2,4,35,33,6.6,4.3,43.8,0
50,Jamison Crowder,NYJ,27,wr,12,7,89,59,66.30%,699,11.8,6,32,69,7.9,4.9,58.3,0
51,Mike Davis,CAR,27,RB,15,12,70,59,84.30%,373,6.3,2,17,23,5.3,3.9,24.9,1
52,Michael Gallup,DAL,24,WR,16,15,105,59,56.20%,843,14.3,5,44,55,8,3.7,52.7,0
53,Jakobi Meyers,NWE,24,wr,14,9,81,59,72.80%,729,12.4,0,37,35,9,4.2,52.1,1
54,Mark Andrews,BAL,25,te,14,2,88,58,65.90%,701,12.1,7,37,39,8,4.1,50.1,2
55,Marquise Brown,BAL,23,WR,16,14,100,58,58.00%,769,13.3,8,35,70,7.7,3.6,48.1,0
56,Laviska Shenault Jr.,JAX,22,WR,14,12,79,58,73.40%,600,10.3,5,33,36,7.6,4.1,42.9,0
57,Eric Ebron,PIT,27,te,15,9,91,56,61.50%,558,10,5,30,27,6.1,3.7,37.2,1
58,T.Y. Hilton,IND,31,WR,15,15,93,56,60.20%,762,13.6,5,42,50,8.2,3.7,50.8,0
59,Hayden Hurst,ATL,27,te,16,9,88,56,63.60%,571,10.2,6,35,42,6.5,3.5,35.7,0
60,Hunter Renfrow,LVR,25,wr,16,6,77,56,72.70%,656,11.7,2,32,53,8.5,3.5,41,2
61,Keelan Cole,JAX,27,wr,16,5,88,55,62.50%,642,11.7,5,34,51,7.3,3.4,40.1,0
62,Austin Ekeler,LAC,25,rb,10,10,65,54,83.10%,403,7.5,2,20,28,6.2,5.4,40.3,1
63,Larry Fitzgerald,ARI,37,WR,13,13,72,54,75.00%,409,7.6,1,25,18,5.7,4.2,31.5,0
64,David Montgomery,CHI,23,RB,15,14,68,54,79.40%,438,8.1,2,25,28,6.4,3.6,29.2,1
65,DJ Chark,JAX,24,WR,13,12,93,53,57.00%,706,13.3,5,37,73,7.6,4.1,54.3,0
66,Chase Edmonds,ARI,24,rb,16,2,67,53,79.10%,402,7.6,4,21,30,6,3.3,25.1,2
67,Will Fuller,HOU,26,WR,11,11,75,53,70.70%,879,16.6,8,38,77,11.7,4.8,79.9,0
68,Mike Gesicki,MIA,25,te,15,9,85,53,62.40%,703,13.3,6,36,70,8.3,3.5,46.9,0
69,Greg Ward,PHI,25,wr,16,10,79,53,67.10%,419,7.9,6,24,32,5.3,3.3,26.2,2
70,Ezekiel Elliott,DAL,25,RB,15,15,71,52,73.20%,338,6.5,2,20,19,4.8,3.5,22.5,6
71,Jerry Jeudy,DEN,21,WR,16,14,113,52,46.00%,856,16.5,3,39,92,7.6,3.3,53.5,2
72,Josh Reynolds,LAR,25,WR,16,13,81,52,64.20%,618,11.9,2,29,40,7.6,3.3,38.6,2
73,Robert Tonyan,GNB,26,te,16,8,59,52,88.10%,586,11.3,11,33,45,9.9,3.3,36.6,0
74,Julio Jones,ATL,31,wr,9,9,68,51,75.00%,771,15.1,3,36,44,11.3,5.7,85.7,0
75,Tim Patrick,DEN,27,WR,15,15,79,51,64.60%,742,14.5,6,33,61,9.4,3.4,49.5,0
76,Jimmy Graham,CHI,34,TE,16,15,76,50,65.80%,456,9.1,8,32,30,6,3.1,28.5,1
77,Darius Slayton,NYG,23,WR,16,15,96,50,52.10%,751,15,3,38,41,7.8,3.1,46.9,1
78,Kendrick Bourne,SFO,25,wr,15,5,74,49,66.20%,667,13.6,2,35,49,9,3.3,44.5,0
79,Anthony Miller,CHI,26,wr,16,6,76,49,64.50%,485,9.9,2,23,34,6.4,3.1,30.3,2
80,James Robinson,JAX,22,RB,14,14,60,49,81.70%,344,7,3,15,28,5.7,3.5,24.6,3
81,James White,NWE,28,,14,0,62,49,79.00%,375,7.7,1,20,34,6,3.5,26.8,1
82,Nelson Agholor,LVR,27,WR,16,13,82,48,58.50%,896,18.7,8,37,85,10.9,3,56,0
83,Christian Kirk,ARI,24,wr,14,10,79,48,60.80%,621,12.9,6,30,80,7.9,3.4,44.4,1
84,George Kittle,SFO,27,te,8,8,63,48,76.20%,634,13.2,2,32,44,10.1,6,79.3,0
85,Mike Williams,LAC,26,WR,15,11,85,48,56.50%,756,15.8,5,35,64,8.9,3.2,50.4,0
86,Giovani Bernard,CIN,29,rb,16,10,59,47,79.70%,355,7.6,3,15,42,6,2.9,22.2,1
87,Damiere Byrd,NWE,27,WR,16,14,77,47,61.00%,604,12.9,1,29,42,7.8,2.9,37.8,3
88,A.J. Green,CIN,32,WR,16,14,104,47,45.20%,523,11.1,2,34,33,5,2.9,32.7,0
89,Aaron Jones*,GNB,26,RB,14,14,63,47,74.60%,355,7.6,2,15,30,5.6,3.4,25.4,2
90,Danny Amendola,DET,35,wr,14,5,69,46,66.70%,602,13.1,0,30,50,8.7,3.3,43,0
91,Dallas Goedert,PHI,25,te,11,9,65,46,70.80%,524,11.4,3,28,41,8.1,4.2,47.6,0
92,Austin Hooper,CLE,26,TE,13,13,70,46,65.70%,435,9.5,4,27,36,6.2,3.5,33.5,0
93,D'Andre Swift,DET,21,rb,13,4,57,46,80.70%,357,7.8,2,15,26,6.3,3.5,27.5,3
94,Antonio Brown,TAM,32,wr,8,4,62,45,72.60%,483,10.7,4,27,46,7.8,5.6,60.4,0
95,Rob Gronkowski,TAM,31,TE,16,16,77,45,58.40%,623,13.8,7,29,48,8.1,2.8,38.9,1
96,Demarcus Robinson,KAN,26,wr,16,9,59,45,76.30%,466,10.4,3,26,28,7.9,2.8,29.1,2
97,Dalvin Cook*,MIN,25,RB,14,14,54,44,81.50%,361,8.2,1,17,50,6.7,3.1,25.8,5
98,Tyler Higbee,LAR,27,TE,15,15,60,44,73.30%,521,11.8,5,26,44,8.7,2.9,34.7,0
99,Zach Pascal,IND,26,WR,16,14,71,44,62.00%,629,14.3,5,29,42,8.9,2.8,39.3,0
100,Gerald Everett,LAR,26,te,16,7,62,41,66.10%,417,10.2,1,24,40,6.7,2.6,26.1,1
101,Myles Gaskin,MIA,23,rb,10,7,47,41,87.20%,388,9.5,2,12,59,8.3,4.1,38.8,2
102,Mecole Hardman,KAN,22,wr,16,8,62,41,66.10%,560,13.7,4,23,49,9,2.6,35,2
103,Jonnu Smith,TEN,25,TE,15,14,65,41,63.10%,448,10.9,8,25,63,6.9,2.7,29.9,0
104,Chris Conley,JAX,28,wr,15,4,63,40,63.50%,471,11.8,2,24,51,7.5,2.7,31.4,1
105,Michael Pittman Jr.,IND,23,wr,13,8,61,40,65.60%,503,12.6,1,22,45,8.2,3.1,38.7,0
106,Drew Sample,CIN,24,TE,16,13,53,40,75.50%,349,8.7,1,16,23,6.6,2.5,21.8,1
107,Michael Thomas,NOR,27,wr,7,5,55,40,72.70%,438,11,0,25,24,8,5.7,62.6,0
108,Anthony Firkser,TEN,25,te,16,1,53,39,73.60%,387,9.9,1,26,45,7.3,2.4,24.2,0
109,Randall Cobb,HOU,30,wr,10,2,48,38,79.20%,441,11.6,3,20,34,9.2,3.8,44.1,0
110,Travis Fulgham,PHI,25,wr,13,8,67,38,56.70%,539,14.2,4,26,42,8,2.9,41.5,0
111,Kareem Hunt,CLE,25,rb,16,5,51,38,74.50%,304,8,5,19,26,6,2.4,19,2
112,Devin Singletary,BUF,23,RB,16,16,50,38,76.00%,269,7.1,0,8,34,5.4,2.4,16.8,1
113,Jordan Akins,HOU,28,te,13,5,49,37,75.50%,403,10.9,1,20,26,8.2,2.8,31,0
114,Braxton Berrios,NYJ,25,wr,16,2,55,37,67.30%,394,10.6,3,19,43,7.2,2.3,24.6,0
115,Chris Carson,SEA,26,RB,12,12,46,37,80.40%,287,7.8,4,14,29,6.2,3.1,23.9,1
116,Jared Cook,NOR,33,te,15,5,60,37,61.70%,504,13.6,7,27,46,8.4,2.5,33.6,1
117,Rashard Higgins,CLE,26,wr,13,6,52,37,71.20%,599,16.2,4,26,43,11.5,2.8,46.1,3
118,Sammy Watkins,KAN,27,wr,10,9,55,37,67.30%,421,11.4,2,27,37,7.7,3.7,42.1,1
119,Clyde Edwards-Helaire,KAN,21,RB,13,13,54,36,66.70%,297,8.3,1,12,26,5.5,2.8,22.8,0
120,Tyler Eifert,JAX,30,te,15,4,60,36,60.00%,349,9.7,2,22,28,5.8,2.4,23.3,0
121,Zach Ertz,PHI,30,TE,11,11,72,36,50.00%,335,9.3,1,16,42,4.7,3.3,30.5,0
122,Leonard Fournette,TAM,25,rb,13,3,47,36,76.60%,233,6.5,0,9,20,5,2.8,17.9,0
123,Antonio Gibson,WAS,22,rb,14,10,44,36,81.80%,247,6.9,0,9,40,5.6,2.6,17.6,2
124,Jakeem Grant,MIA,28,wr,14,4,54,36,66.70%,373,10.4,1,22,30,6.9,2.6,26.6,2
125,Jonathan Taylor,IND,21,RB,15,13,39,36,92.30%,299,8.3,1,12,39,7.7,2.4,19.9,1
126,James Conner,PIT,25,RB,13,11,43,35,81.40%,215,6.1,0,10,18,5,2.7,16.5,2
127,Gabriel Davis,BUF,21,WR,16,11,62,35,56.50%,599,17.1,7,27,56,9.7,2.2,37.4,1
128,David Moore,SEA,25,wr,16,6,47,35,74.50%,417,11.9,6,18,57,8.9,2.2,26.1,1
129,Golden Tate,NYG,32,,12,4,52,35,67.30%,388,11.1,2,17,39,7.5,2.9,32.3,0
130,Tre'Quan Smith,NOR,24,wr,14,10,50,34,68.00%,448,13.2,4,22,31,9,2.4,32,1
131,John Brown,BUF,30,wr,9,8,52,33,63.50%,458,13.9,3,22,46,8.8,3.7,50.9,0
132,Keke Coutee,HOU,23,wr,8,4,40,33,82.50%,400,12.1,3,19,64,10,4.1,50,4
133,N'Keal Harry,NWE,23,wr,14,9,57,33,57.90%,309,9.4,2,15,30,5.4,2.4,22.1,1
134,Josh Jacobs*,LVR,22,RB,15,15,45,33,73.30%,238,7.2,0,9,29,5.3,2.2,15.9,2
135,David Johnson,HOU,29,RB,12,12,46,33,71.70%,314,9.5,2,16,32,6.8,2.8,26.2,2
136,Allen Lazard,GNB,25,wr,10,9,46,33,71.70%,451,13.7,3,23,72,9.8,3.3,45.1,0
137,Jerick McKinnon,SFO,28,rb,16,4,46,33,71.70%,253,7.7,1,12,26,5.5,2.1,15.8,0
138,Scott Miller,TAM,23,wr,16,5,53,33,62.30%,501,15.2,3,20,48,9.5,2.1,31.3,0
139,Deebo Samuel,SFO,24,wr,7,5,44,33,75.00%,391,11.8,1,19,35,8.9,4.7,55.9,0
140,Willie Snead,BAL,28,wr,13,8,48,33,68.80%,432,13.1,3,23,34,9,2.5,33.2,1
141,Marquez Valdes-Scantling,GNB,26,WR,16,12,63,33,52.40%,690,20.9,6,27,78,11,2.1,43.1,1
142,Melvin Gordon,DEN,27,rb,15,10,44,32,72.70%,158,4.9,1,7,20,3.6,2.1,10.5,4
143,Cam Sims,WAS,24,wr,16,10,48,32,66.70%,477,14.9,1,18,50,9.9,2,29.8,0
144,Mo Alie-Cox,IND,27,te,15,6,39,31,79.50%,394,12.7,2,19,45,10.1,2.1,26.3,1
145,Dan Arnold,ARI,25,te,16,5,45,31,68.90%,438,14.1,4,24,59,9.7,1.9,27.4,2
146,Chris Herndon,NYJ,24,TE,16,13,45,31,68.90%,287,9.3,3,17,26,6.4,1.9,17.9,2
147,Jalen Reagor,PHI,21,WR,11,11,54,31,57.40%,396,12.8,1,19,55,7.3,2.8,36,2
148,Jamaal Williams,GNB,25,rb,14,3,35,31,88.60%,236,7.6,1,11,29,6.7,2.2,16.9,0
149,KJ Hamler,DEN,21,wr,13,4,56,30,53.60%,381,12.7,3,17,49,6.8,2.3,29.3,2
150,Isaiah McKenzie,BUF,25,wr,16,7,34,30,88.20%,282,9.4,5,17,46,8.3,1.9,17.6,0
151,Breshad Perriman,NYJ,27,WR,12,12,60,30,50.00%,505,16.8,3,20,53,8.4,2.5,42.1,0
152,Irv Smith Jr.,MIN,22,te,13,7,43,30,69.80%,365,12.2,5,22,36,8.5,2.3,28.1,0
153,James Washington,PIT,24,wr,16,7,56,30,53.60%,392,13.1,5,19,50,7,1.9,24.5,0
154,Kalen Ballage,2TM,25,,11,2,37,29,78.40%,166,5.7,0,5,21,4.5,2.6,15.1,1
155,Lynn Bowden Jr.,MIA,23,rb,10,4,37,28,75.70%,211,7.5,0,13,22,5.7,2.8,21.1,0
156,Cameron Brate,TAM,29,te,16,1,34,28,82.40%,282,10.1,2,17,25,8.3,1.8,17.6,0
157,Trey Burton,IND,29,te,13,4,47,28,59.60%,250,8.9,3,14,20,5.3,2.2,19.2,0
158,Isaiah Ford,MIA,24,,10,1,44,28,63.60%,276,9.9,0,18,18,6.3,2.8,27.6,0
159,Jalen Guyton,LAC,23,wr,16,9,55,28,50.90%,511,18.3,3,18,72,9.3,1.8,31.9,0
160,Duke Johnson,HOU,27,rb,11,5,35,28,80.00%,249,8.9,1,8,48,7.1,2.5,22.6,3
161,Ronald Jones II,TAM,23,RB,14,13,42,28,66.70%,165,5.9,1,2,37,3.9,2,11.8,2
162,Cole Kmet,CHI,21,te,16,9,44,28,63.60%,243,8.7,2,12,38,5.5,1.8,15.2,1
163,James O'Shaughnessy,JAX,28,TE,15,13,38,28,73.70%,262,9.4,0,12,26,6.9,1.9,17.5,0
164,Tony Pollard,DAL,23,rb,16,2,40,28,70.00%,193,6.9,1,9,30,4.8,1.8,12.1,0
165,Kyle Rudolph,MIN,31,TE,12,12,37,28,75.70%,334,11.9,1,16,25,9,2.3,27.8,1
166,Miles Sanders,PHI,23,RB,12,11,52,28,53.80%,197,7,0,8,28,3.8,2.3,16.4,4
167,Steven Sims,WAS,23,wr,12,2,37,27,73.00%,265,9.8,1,13,30,7.2,2.3,22.1,5
168,Isaiah Wright,WAS,23,wr,14,6,35,27,77.10%,197,7.3,0,10,22,5.6,1.9,14.1,3
169,Jordan Reed,SFO,30,te,10,1,46,26,56.50%,231,8.9,4,16,26,5,2.6,23.1,0
170,Henry Ruggs III,LVR,21,WR,13,12,43,26,60.50%,452,17.4,2,13,72,10.5,2,34.8,2
171,Durham Smythe,MIA,25,TE,15,13,29,26,89.70%,208,8,2,13,19,7.2,1.7,13.9,0
172,Rex Burkhead,NWE,30,,10,0,33,25,75.80%,192,7.7,3,11,24,5.8,2.5,19.2,0
173,Kenyan Drake,ARI,26,RB,15,13,31,25,80.60%,137,5.5,0,5,18,4.4,1.7,9.1,3
174,Todd Gurley,ATL,26,RB,15,15,35,25,71.40%,164,6.6,0,7,26,4.7,1.7,10.9,2
175,Brian Hill,ATL,25,rb,16,1,30,25,83.30%,199,8,0,7,26,6.6,1.6,12.4,2
176,Jacob Hollister,SEA,27,te,16,5,40,25,62.50%,209,8.4,3,14,20,5.2,1.6,13.1,0
177,Boston Scott,PHI,25,rb,16,4,36,25,69.40%,212,8.5,1,8,18,5.9,1.6,13.3,2
178,Harrison Bryant,CLE,22,te,15,9,38,24,63.20%,238,9.9,3,14,35,6.3,1.6,15.9,2
179,Will Dissly,SEA,24,TE,16,12,29,24,82.80%,251,10.5,2,12,28,8.7,1.5,15.7,0
180,Dawson Knox,BUF,24,te,12,7,44,24,54.50%,288,12,3,14,36,6.5,2,24,2
181,Greg Olsen,SEA,35,te,11,8,37,24,64.90%,239,10,1,16,22,6.5,2.2,21.7,0
182,Richard Rodgers,PHI,28,te,14,4,31,24,77.40%,345,14.4,2,16,33,11.1,1.7,24.6,0
183,Odell Beckham Jr.,CLE,28,wr,7,7,43,23,53.50%,319,13.9,3,17,43,7.4,3.3,45.6,0
184,Malcolm Brown,LAR,27,,16,0,33,23,69.70%,162,7,0,9,30,4.9,1.4,10.1,1
185,Jack Doyle,IND,30,TE,14,12,33,23,69.70%,251,10.9,3,13,28,7.6,1.6,17.9,1
186,DaeSean Hamilton,DEN,25,wr,16,2,44,23,52.30%,293,12.7,2,16,40,6.7,1.4,18.3,1
187,Adam Humphries,TEN,27,,7,1,35,23,65.70%,228,9.9,2,11,23,6.5,3.3,32.6,0
188,Richie James,SFO,25,wr,11,7,35,23,65.70%,394,17.1,1,15,47,11.3,2.1,35.8,2
189,Joshua Kelley,LAC,23,,14,0,23,23,100.00%,148,6.4,0,9,35,6.4,1.6,10.6,2
190,Denzel Mims,NYJ,23,wr,9,8,44,23,52.30%,357,15.5,0,15,30,8.1,2.6,39.7,0
191,Latavius Murray,NOR,30,ss,15,7,26,23,88.50%,176,7.7,1,8,25,6.8,1.5,11.7,1
192,Marquez Callaway,NOR,22,wr,11,3,27,21,77.80%,213,10.1,0,10,27,7.9,1.9,19.4,0
193,Julian Edelman,NWE,34,wr,6,1,39,21,53.80%,315,15,0,18,49,8.1,3.5,52.5,0
194,Darren Fells,HOU,34,TE,16,14,28,21,75.00%,312,14.9,4,16,44,11.1,1.3,19.5,0
195,Wayne Gallman,NYG,26,rb,15,10,27,21,77.80%,114,5.4,0,6,19,4.2,1.4,7.6,1
196,Andy Isabella,ARI,24,wr,13,2,35,21,60.00%,224,10.7,2,10,54,6.4,1.6,17.2,1
197,Joe Mixon,CIN,24,rb,6,6,26,21,80.80%,138,6.6,1,5,19,5.3,3.5,23,1
198,Cordarrelle Patterson*+,CHI,29,wr,16,3,25,21,84.00%,132,6.3,0,7,25,5.3,1.3,8.3,0
199,Chad Beebe,MIN,26,,14,0,30,20,66.70%,201,10.1,2,12,40,6.7,1.4,14.4,2
200,Quintez Cephus,DET,22,wr,13,2,35,20,57.10%,349,17.5,2,16,49,10,1.5,26.8,0
201,Devin Duvernay,BAL,23,wr,16,3,26,20,76.90%,201,10.1,0,8,39,7.7,1.3,12.6,0
202,Kenny Golladay,DET,27,wr,5,5,32,20,62.50%,338,16.9,2,16,48,10.6,4,67.6,0
203,Deonte Harris,NOR,23,wr,9,2,25,20,80.00%,186,9.3,1,10,40,7.4,2.2,20.7,3
204,Tyron Johnson,LAC,24,,12,0,26,20,76.90%,398,19.9,3,15,55,15.3,1.7,33.2,0
205,Ray-Ray McCloud,PIT,24,wr,16,2,22,20,90.90%,77,3.9,0,3,13,3.5,1.3,4.8,2
206,Ian Thomas,CAR,24,te,16,8,31,20,64.50%,145,7.3,1,11,21,4.7,1.3,9.1,1
207,Chris Thompson,JAX,30,,8,0,23,20,87.00%,146,7.3,1,5,15,6.3,2.5,18.3,0
208,Olamide Zaccheaus,ATL,23,wr,11,2,32,20,62.50%,274,13.7,1,16,51,8.6,1.8,24.9,0
209,Miles Boykin,BAL,24,WR,16,13,33,19,57.60%,266,14,4,14,43,8.1,1.2,16.6,0
210,Tyler Conklin,MIN,25,te,16,2,26,19,73.10%,194,10.2,1,11,30,7.5,1.2,12.1,1
211,Ross Dwelley,SFO,25,te,16,9,24,19,79.20%,245,12.9,1,10,36,10.2,1.2,15.3,0
212,Derrick Henry *+,TEN,26,RB,16,16,31,19,61.30%,114,6,0,4,53,3.7,1.2,7.1,3
213,Justin Jackson,LAC,24,rb,9,4,24,19,79.20%,173,9.1,0,7,34,7.2,2.1,19.2,0
214,Van Jefferson,LAR,24,,16,0,31,19,61.30%,220,11.6,1,11,31,7.1,1.2,13.8,1
215,Kerryon Johnson,DET,23,rb,16,2,26,19,73.10%,187,9.8,1,11,20,7.2,1.2,11.7,1
216,Kyle Juszczyk*,SFO,29,FB,16,15,29,19,65.50%,202,10.6,4,10,41,7,1.2,12.6,1
217,Dion Lewis,NYG,30,,16,0,30,19,63.30%,127,6.7,1,8,17,4.2,1.2,7.9,3
218,David Njoku,CLE,24,te,13,5,29,19,65.50%,213,11.2,2,13,28,7.3,1.5,16.4,0
219,Jalen Richard,LVR,27,,13,0,23,19,82.60%,138,7.3,0,5,19,6,1.5,10.6,1
220,J.K. Dobbins,BAL,22,rb,15,1,24,18,75.00%,120,6.7,0,4,19,5,1.2,8,2
221,Marvin Hall,2TM,27,,12,6,32,18,56.30%,302,16.8,2,10,73,9.4,1.5,25.2,0
222,Dontrelle Inman,WAS,31,,10,2,28,18,64.30%,163,9.1,2,11,17,5.8,1.8,16.3,1
223,Collin Johnson,JAX,23,,14,0,31,18,58.10%,272,15.1,2,12,46,8.8,1.3,19.4,0
224,Kaden Smith,NYG,23,TE,15,12,21,18,85.70%,112,6.2,0,7,16,5.3,1.2,7.5,1
225,Darrel Williams,KAN,25,,16,0,26,18,69.20%,116,6.4,0,6,15,4.5,1.1,7.3,0
226,Preston Williams,MIA,23,wr,8,7,35,18,51.40%,288,16,4,14,47,8.2,2.3,36,0
227,Devontae Booker,LVR,28,rb,16,1,21,17,81.00%,84,4.9,0,2,17,4,1.1,5.3,1
228,DeeJay Dallas,SEA,22,rb,12,2,20,17,85.00%,111,6.5,1,5,13,5.6,1.4,9.3,0
229,Chad Hansen,HOU,25,wr,5,2,24,17,70.80%,236,13.9,1,11,38,9.8,3.4,47.2,0
230,Christian McCaffrey,CAR,24,rb,3,3,19,17,89.50%,149,8.8,1,8,24,7.8,5.7,49.7,0
231,Mohamed Sanu,2TM,31,,10,4,24,17,70.80%,187,11,1,13,21,7.8,1.7,18.7,0
232,Ito Smith,ATL,25,,14,0,26,17,65.40%,75,4.4,0,3,17,2.9,1.2,5.4,1
233,Jeff Smith,NYJ,23,wr,12,4,37,17,45.90%,167,9.8,0,9,21,4.5,1.4,13.9,0
234,Cedrick Wilson Jr.,DAL,25,,16,0,28,17,60.70%,189,11.1,2,10,42,6.8,1.1,11.8,0
235,Le'Veon Bell,2TM,28,,11,4,20,16,80.00%,138,8.6,0,7,30,6.9,1.5,12.5,1
236,Nick Chubb*,CLE,25,RB,12,12,18,16,88.90%,150,9.4,0,6,26,8.3,1.3,12.5,1
237,Frank Gore,NYJ,37,RB,15,14,19,16,84.20%,89,5.6,0,3,9,4.7,1.1,5.9,1
238,Darrell Henderson,LAR,23,RB,15,11,24,16,66.70%,159,9.9,1,8,28,6.6,1.1,10.6,0
239,Mack Hollins,MIA,27,wr,16,2,25,16,64.00%,176,11,1,7,34,7,1,11,1
240,Carlos Hyde,SEA,30,,10,1,20,16,80.00%,93,5.8,0,4,18,4.7,1.6,9.3,1
241,Ty Johnson,2TM,23,,13,1,21,16,76.20%,99,6.2,1,6,18,4.7,1.2,7.6,0
242,Raheem Mostert,SFO,28,rb,8,8,19,16,84.20%,156,9.8,1,5,76,8.2,2,19.5,1
243,KeeSean Johnson,ARI,24,wr,8,1,23,15,65.20%,173,11.5,0,7,45,7.5,1.9,21.6,0
244,LeSean McCoy,TAM,32,,10,0,19,15,78.90%,101,6.7,0,3,15,5.3,1.5,10.1,0
245,Vance McDonald,PIT,30,TE,14,12,20,15,75.00%,99,6.6,0,4,15,5,1.1,7.1,0
246,Adam Trautman,NOR,23,te,15,6,16,15,93.80%,171,11.4,1,9,41,10.7,1,11.4,0
247,Nick Boyle,BAL,27,te,9,9,17,14,82.40%,113,8.1,2,8,21,6.6,1.6,12.6,0
248,Noah Brown,DAL,24,wr,16,1,24,14,58.30%,154,11,0,6,20,6.4,0.9,9.6,0
249,Pharaoh Brown,HOU,26,te,13,9,16,14,87.50%,163,11.6,2,9,29,10.2,1.1,12.5,0
250,Chris Hogan,NYJ,33,,5,4,26,14,53.80%,118,8.4,0,6,27,4.5,2.8,23.6,0
251,DeSean Jackson,PHI,34,wr,5,5,26,14,53.80%,236,16.9,1,10,81,9.1,2.8,47.2,0
252,Jesse James,DET,26,te,16,7,22,14,63.60%,129,9.2,2,6,31,5.9,0.9,8.1,0
253,Marcus Johnson,IND,26,wr,11,3,28,14,50.00%,255,18.2,0,11,55,9.1,1.3,23.2,0
254,Olabisi Johnson,MIN,23,wr,16,3,19,14,73.70%,189,13.5,0,9,29,9.9,0.9,11.8,0
255,Zay Jones,LVR,25,wr,16,2,20,14,70.00%,154,11,1,6,37,7.7,0.9,9.6,0
256,Zack Moss,BUF,23,,13,0,18,14,77.80%,95,6.8,1,5,20,5.3,1.1,7.3,0
257,Donovan Peoples-Jones,CLE,21,wr,12,2,20,14,70.00%,304,21.7,2,10,75,15.2,1.2,25.3,0
258,Auden Tate,CIN,23,wr,9,2,22,14,63.60%,150,10.7,0,9,19,6.8,1.6,16.7,0
259,Nick Vannett,DEN,27,TE,15,11,21,14,66.70%,95,6.8,1,6,19,4.5,0.9,6.3,0
260,Jamal Agnew,DET,25,wr,14,2,20,13,65.00%,89,6.8,0,4,20,4.5,0.9,6.4,2
261,Christian Blake,ATL,24,,16,0,18,13,72.20%,141,10.8,0,6,25,7.8,0.8,8.8,0
262,Ryan Izzo,NWE,25,TE,12,12,20,13,65.00%,199,15.3,0,6,50,10,1.1,16.6,1
263,Alexander Mattison,MIN,22,rb,13,2,15,13,86.70%,125,9.6,1,5,28,8.3,1,9.6,0
264,Byron Pringle,KAN,27,wr,13,3,17,13,76.50%,160,12.3,1,9,37,9.4,1,12.3,0
265,Freddie Swain,SEA,22,wr,16,1,21,13,61.90%,159,12.2,2,6,23,7.6,0.8,9.9,0
266,Mike Thomas,CIN,26,,14,0,21,13,61.90%,132,10.2,1,7,29,6.3,0.9,9.4,1
267,Jeff Wilson,SFO,25,rb,12,3,28,13,46.40%,133,10.2,3,8,21,4.8,1.1,11.1,2
268,Jason Witten,LVR,38,te,16,7,17,13,76.50%,69,5.3,2,8,15,4.1,0.8,4.3,0
269,Cameron Batson,TEN,25,wr,12,1,13,12,92.30%,100,8.3,1,7,18,7.7,1,8.3,1
270,Alex Erickson,CIN,28,wr,16,2,17,12,70.60%,139,11.6,0,5,42,8.2,0.8,8.7,2
271,Royce Freeman,DEN,24,,16,0,13,12,92.30%,81,6.8,0,4,28,6.2,0.8,5.1,0
272,Alec Ingold,LVR,24,fb,16,4,17,12,70.60%,110,9.2,1,9,23,6.5,0.8,6.9,0
273,Tyler Johnson,TAM,22,wr,14,3,17,12,70.60%,169,14.1,2,9,35,9.9,0.9,12.1,0
274,Tyler Kroft,BUF,28,,10,4,16,12,75.00%,119,9.9,3,9,38,7.4,1.2,11.9,0
275,Jeremy McNichols,TEN,25,,16,0,17,12,70.60%,55,4.6,0,0,9,3.2,0.8,3.4,0
276,Adrian Peterson,DET,35,rb,16,10,18,12,66.70%,101,8.4,0,4,23,5.6,0.8,6.3,0
277,Brandon Powell,ATL,25,,15,1,18,12,66.70%,69,5.8,2,5,13,3.8,0.8,4.6,2
278,Adam Shaheen,MIA,26,te,16,5,22,12,54.50%,150,12.5,3,9,43,6.8,0.8,9.4,0
279,Jace Sternberger,GNB,24,,12,0,15,12,80.00%,114,9.5,1,6,27,7.6,1,9.5,0
280,Jordan Wilkins,IND,26,,15,0,16,12,75.00%,105,8.8,0,3,24,6.6,0.8,7,0
281,Salvon Ahmed,MIA,22,rb,6,4,14,11,78.60%,61,5.5,0,2,13,4.4,1.8,10.2,0
282,Cam Akers,LAR,21,rb,13,5,14,11,78.60%,123,11.2,1,4,38,8.8,0.8,9.5,1
283,Blake Bell,DAL,29,te,16,2,15,11,73.30%,110,10,0,7,24,7.3,0.7,6.9,0
284,C.J. Board,NYG,27,wr,14,4,16,11,68.80%,101,9.2,0,6,16,6.3,0.8,7.2,0
285,Bryan Edwards,LVR,22,wr,12,3,15,11,73.30%,193,17.5,1,9,34,12.9,0.9,16.1,0
286,Tyler Ervin,GNB,27,,8,0,15,11,73.30%,84,7.6,0,6,24,5.6,1.4,10.5,0
287,KhaDarel Hodge,CLE,25,,9,0,17,11,64.70%,180,16.4,0,11,42,10.6,1.2,20,0
288,O.J. Howard,TAM,26,te,4,1,19,11,57.90%,146,13.3,2,8,33,7.7,2.8,36.5,0
289,Albert Okwuegbunam,DEN,22,,4,0,15,11,73.30%,121,11,1,6,27,8.1,2.8,30.3,0
290,La'Mical Perine,NYJ,22,,10,0,15,11,73.30%,63,5.7,0,3,14,4.2,1.1,6.3,0
291,Samaje Perine,CIN,25,rb,16,1,12,11,91.70%,66,6,0,4,15,5.5,0.7,4.1,0
292,Keith Smith,ATL,28,fb,16,7,15,11,73.30%,59,5.4,0,4,13,3.9,0.7,3.7,0
293,Kenny Stills,HOU,28,,10,0,19,11,57.90%,144,13.1,1,8,24,7.6,1.1,14.4,0
294,De'Michael Harris,IND,22,,7,0,10,10,100.00%,79,7.9,0,3,21,7.9,1.4,11.3,0
295,John Hightower,PHI,24,wr,13,4,29,10,34.50%,167,16.7,0,5,59,5.8,0.8,12.8,0
296,Patrick Laird,MIA,25,,16,0,12,10,83.30%,68,6.8,0,3,17,5.7,0.6,4.3,1
297,Marcedes Lewis,GNB,36,TE,15,15,17,10,58.80%,107,10.7,3,6,36,6.3,0.7,7.1,0
298,Dare Ogunbowale,JAX,26,rb,14,2,20,10,50.00%,54,5.4,0,4,12,2.7,0.7,3.9,0
299,Donald Parham,LAC,23,te,13,5,20,10,50.00%,159,15.9,3,8,26,8,0.8,12.2,0
300,Benny Snell Jr.,PIT,22,rb,16,3,14,10,71.40%,61,6.1,0,3,14,4.4,0.6,3.8,2
301,Trent Taylor,SFO,26,wr,12,1,21,10,47.60%,86,8.6,0,5,29,4.1,0.8,7.2,0
302,Matt Breida,MIA,25,rb,12,1,10,9,90.00%,96,10.7,0,5,31,9.6,0.8,8,2
303,Gus Edwards,BAL,25,rb,16,6,13,9,69.20%,129,14.3,0,4,34,9.9,0.6,8.1,1
304,Ryan Griffin,NYJ,30,te,15,6,12,9,75.00%,86,9.6,0,4,23,7.2,0.6,5.7,0
305,Travis Homer,SEA,22,,9,0,10,9,90.00%,90,10,1,4,50,9,1,10,0
306,Devine Ozigbo,JAX,24,,8,0,9,9,100.00%,42,4.7,0,3,12,4.7,1.1,5.3,0
307,Malcolm Perry,MIA,23,rb,9,2,13,9,69.20%,92,10.2,1,4,25,7.1,1,10.2,1
308,Kalif Raymond,TEN,26,,15,3,15,9,60.00%,187,20.8,0,7,61,12.5,0.6,12.5,0
309,Patrick Ricard*,BAL,26,fb,15,10,12,9,75.00%,45,5,1,3,11,3.8,0.6,3,1
310,Jaylen Samuels,PIT,24,rb,14,1,14,9,64.30%,46,5.1,0,2,12,3.3,0.6,3.3,0
311,Rodney Smith,CAR,24,rb,7,1,11,9,81.80%,59,6.6,0,1,12,5.4,1.3,8.4,1
312,Geoff Swaim,TEN,27,wr,10,8,12,9,75.00%,83,9.2,1,6,16,6.9,0.9,8.3,0
313,Ameer Abdullah,MIN,27,,16,0,9,8,88.90%,58,7.3,2,4,22,6.4,0.5,3.6,0
314,Stephen Anderson,LAC,27,te,16,3,11,8,72.70%,106,13.3,0,7,23,9.6,0.5,6.6,0
315,Darrell Daniels,ARI,26,te,12,8,11,8,72.70%,92,11.5,1,4,31,8.4,0.7,7.7,0
316,Troy Fumagalli,DEN,25,,8,0,15,8,53.30%,80,10,1,6,29,5.3,1,10,0
317,C.J. Ham,MIN,27,FB,15,11,13,8,61.50%,97,12.1,1,6,30,7.5,0.5,6.5,0
318,Josh Hill,NOR,30,te,14,7,10,8,80.00%,46,5.8,1,4,16,4.6,0.6,3.3,1
319,Taysom Hill,NOR,30,wr,16,8,12,8,66.70%,98,12.3,1,4,21,8.2,0.5,6.1,10
320,Jakob Johnson,NWE,26,FB,16,11,9,8,88.90%,35,4.4,1,3,12,3.9,0.5,2.2,1
321,Ryan Nall,CHI,25,,16,0,9,8,88.90%,67,8.4,1,5,18,7.4,0.5,4.2,0
322,Troymaine Pope,LAC,27,,6,0,10,8,80.00%,42,5.3,0,1,11,4.2,1.3,7,0
323,C.J. Uzomah,CIN,27,te,2,2,11,8,72.70%,87,10.9,1,6,23,7.9,4,43.5,0
324,Maxx Williams,ARI,26,te,9,8,10,8,80.00%,102,12.8,1,4,42,10.2,0.9,11.3,0
325,Devonta Freeman,NYG,28,,5,4,10,7,70.00%,58,8.3,0,1,18,5.8,1.4,11.6,0
326,Demetrius Harris,CHI,29,te,15,5,14,7,50.00%,45,6.4,0,2,9,3.2,0.5,3,0
327,Jamycal Hasty,SFO,24,,8,0,8,7,87.50%,33,4.7,0,0,16,4.1,0.9,4.1,1
328,K.J. Hill,LAC,23,,15,0,11,7,63.60%,73,10.4,0,2,25,6.6,0.5,4.9,1
329,Phillip Lindsay,DEN,26,rb,11,8,14,7,50.00%,28,4,0,1,11,2,0.6,2.5,0
330,Austin Mack,NYG,23,wr,11,1,11,7,63.60%,91,13,0,5,50,8.3,0.6,8.3,0
331,Sony Michel,NWE,25,rb,9,6,9,7,77.80%,114,16.3,1,5,31,12.7,0.8,12.7,0
332,Jaydon Mickens,TAM,26,,10,0,10,7,70.00%,58,8.3,0,6,11,5.8,0.7,5.8,0
333,Foster Moreau,LVR,23,te,16,2,9,7,77.80%,140,20,2,5,47,15.6,0.4,8.8,0
334,Equanimeous St. Brown,GNB,24,wr,12,1,13,7,53.80%,117,16.7,1,6,24,9,0.6,9.8,0
335,Luke Stocker,ATL,32,TE,16,13,11,7,63.60%,63,9,0,4,25,5.7,0.4,3.9,0
336,Darwin Thompson,KAN,23,rb,14,1,11,7,63.60%,65,9.3,1,3,37,5.9,0.5,4.6,2
337,Quez Watkins,PHI,22,,6,0,13,7,53.80%,106,15.1,1,4,43,8.2,1.2,17.7,0
338,Justin Watson,TAM,24,wr,11,2,11,7,63.60%,94,13.4,0,5,36,8.5,0.6,8.5,0
339,Deon Yelder,KAN,25,,14,1,11,7,63.60%,36,5.1,0,2,12,3.3,0.5,2.6,0
340,Josh Adams,NYJ,24,,8,0,8,6,75.00%,29,4.8,0,2,11,3.6,0.8,3.6,0
341,Saquon Barkley,NYG,23,rb,2,2,9,6,66.70%,60,10,0,3,38,6.7,3,30,0
342,Dez Bryant,BAL,32,,6,0,11,6,54.50%,47,7.8,2,3,16,4.3,1,7.8,0
343,Parris Campbell,IND,23,wr,2,2,9,6,66.70%,71,11.8,0,4,21,7.9,3,35.5,0
344,Tyrie Cleveland,DEN,23,,10,0,9,6,66.70%,63,10.5,0,4,17,7,0.6,6.3,0
345,Tarik Cohen,CHI,25,,3,0,9,6,66.70%,41,6.8,0,1,20,4.6,2,13.7,0
346,River Cracraft,SFO,26,wr,9,1,9,6,66.70%,41,6.8,0,2,12,4.6,0.7,4.6,0
347,Mark Ingram,BAL,31,rb,11,9,8,6,75.00%,50,8.3,0,2,18,6.3,0.5,4.5,0
348,Alshon Jeffery,PHI,30,,7,2,13,6,46.20%,115,19.2,1,5,39,8.8,0.9,16.4,0
349,Nick Keizer,KAN,25,,16,3,9,6,66.70%,63,10.5,0,2,22,7,0.4,3.9,1
350,Chris Manhertz,CAR,28,TE,16,12,8,6,75.00%,52,8.7,0,1,17,6.5,0.4,3.3,0
351,Anthony McFarland Jr.,PIT,21,,11,0,9,6,66.70%,54,9,0,1,17,6,0.5,4.9,0
352,Laquon Treadwell,ATL,25,,5,0,7,6,85.70%,49,8.2,2,4,14,7,1.2,9.8,0
353,Javon Wims,CHI,26,wr,13,1,12,6,50.00%,48,8,1,4,13,4,0.5,3.7,0
354,Alex Armah,CAR,26,,16,1,9,5,55.60%,18,3.6,0,1,14,2,0.3,1.1,0
355,Tavon Austin,GNB,30,,4,0,5,5,100.00%,20,4,0,1,7,4,1.3,5,1
356,Ja'Marcus Bradley,CLE,24,wr,3,1,11,5,45.50%,60,12,0,2,22,5.5,1.7,20,0
357,Cethan Carter,CIN,25,te,15,5,7,5,71.40%,53,10.6,0,3,24,7.6,0.3,3.5,0
358,Corey Clement,PHI,26,,15,0,6,5,83.30%,25,5,0,2,12,4.2,0.3,1.7,0
359,Pharoh Cooper,CAR,25,wr,16,1,8,5,62.50%,73,14.6,0,3,32,9.1,0.3,4.6,1
360,Damien Harris,NWE,23,rb,10,10,7,5,71.40%,52,10.4,0,4,15,7.4,0.5,5.2,1
361,Justice Hill,BAL,23,,12,0,5,5,100.00%,20,4,0,0,8,4,0.4,1.7,0
362,Steven Mitchell,HOU,26,wr,6,1,8,5,62.50%,60,12,0,3,20,7.5,0.8,10,0
363,Gabe Nabers,LAC,23,fb,16,5,7,5,71.40%,25,5,2,2,9,3.6,0.3,1.6,0
364,Gunner Olszewski+,NWE,24,wr,13,2,5,5,100.00%,62,12.4,1,3,38,12.4,0.4,4.8,1
365,C.J. Prosise,HOU,26,,10,0,5,5,100.00%,18,3.6,1,1,10,3.6,0.5,1.8,1
366,MyCole Pruitt,TEN,28,te,11,4,8,5,62.50%,49,9.8,2,4,22,6.1,0.5,4.5,0
367,Theo Riddick,LVR,29,,4,0,6,5,83.30%,43,8.6,0,1,15,7.2,1.3,10.8,0
368,Darrius Shepherd,GNB,25,,8,0,8,5,62.50%,46,9.2,0,1,19,5.8,0.6,5.8,1
369,Trent Sherfield,ARI,24,wr,15,1,7,5,71.40%,50,10,0,2,26,7.1,0.3,3.3,0
370,Malik Taylor,GNB,25,wr,15,1,6,5,83.30%,66,13.2,1,4,26,11,0.3,4.4,0
371,Levine Toilolo,NYG,29,te,16,2,6,5,83.30%,46,9.2,0,3,14,7.7,0.3,2.9,0
372,Ke'Shawn Vaughn,TAM,23,,10,0,10,5,50.00%,34,6.8,1,2,13,3.4,0.5,3.4,1
373,DeAndre Washington,2TM,27,,4,1,10,5,50.00%,30,6,0,2,10,3,1.3,7.5,0
374,Trayveon Williams,CIN,23,,10,0,5,5,100.00%,30,6,0,1,13,6,0.5,3,1
375,JJ Arcega-Whiteside,PHI,24,,8,0,8,4,50.00%,85,21.3,0,4,37,10.6,0.5,10.6,0
376,Peyton Barber,WAS,26,rb,16,2,7,4,57.10%,12,3,0,1,7,1.7,0.3,0.8,0
377,Khari Blasingame,TEN,24,fb,15,7,5,4,80.00%,39,9.8,0,2,16,7.8,0.3,2.6,0
378,Michael Burton,NOR,28,fb,15,4,4,4,100.00%,28,7,0,1,12,7,0.3,1.9,0
379,Tevin Coleman,SFO,27,rb,8,1,5,4,80.00%,34,8.5,0,2,18,6.8,0.5,4.3,0
380,Juwan Johnson,NOR,24,wr,7,4,10,4,40.00%,39,9.8,0,3,19,3.9,0.6,5.6,0
381,Josh Malone,NYJ,24,,4,0,6,4,66.70%,16,4,0,1,13,2.7,1,4,0
382,Johnny Mundt,LAR,26,te,16,1,4,4,100.00%,53,13.3,0,1,34,13.3,0.3,3.3,0
383,Dante Pettis,2TM,25,,7,1,6,4,66.70%,76,19,1,3,33,12.7,0.6,10.9,1
384,Damion Ratley,NYG,25,,5,0,10,4,40.00%,63,15.8,0,2,29,6.3,0.8,12.6,1
385,Riley Ridley,CHI,24,wr,5,1,4,4,100.00%,39,9.8,0,3,18,9.8,0.8,7.8,0
386,Andre Roberts*,BUF,32,,15,0,5,4,80.00%,34,8.5,0,2,16,6.8,0.3,2.3,3
387,Seth Roberts,CAR,29,,7,1,6,4,66.70%,31,7.8,0,2,12,5.2,0.6,4.4,0
388,Lee Smith,BUF,33,te,10,2,6,4,66.70%,35,8.8,2,3,27,5.8,0.4,3.5,0
389,Jonathan Williams,DET,26,,5,0,4,4,100.00%,21,5.3,0,2,10,5.3,0.8,4.2,1
390,Deontay Burnett,PHI,23,,2,0,4,3,75.00%,19,6.3,0,1,10,4.8,1.5,9.5,0
391,Trenton Cannon,CAR,26,,14,0,3,3,100.00%,16,5.3,0,1,19,5.3,0.2,1.1,0
392,Austin Carr,NOR,27,,6,0,4,3,75.00%,27,9,1,3,11,6.8,0.5,4.5,0
393,Ashton Dulin,IND,23,,13,0,6,3,50.00%,53,17.7,0,2,34,8.8,0.2,4.1,1
394,Ted Ginn Jr.,CHI,35,,6,0,6,3,50.00%,40,13.3,0,1,29,6.7,0.5,6.7,1
395,Terry Godwin,JAX,24,,3,0,6,3,50.00%,32,10.7,0,2,21,5.3,1,10.7,0
396,Jaeden Graham,ATL,25,,16,0,5,3,60.00%,25,8.3,0,1,11,5,0.2,1.6,0
397,Virgil Green,LAC,32,te,6,3,6,3,50.00%,50,16.7,1,2,26,8.3,0.5,8.3,0
398,Tanner Hudson,TAM,26,,11,0,7,3,42.90%,41,13.7,0,3,20,5.9,0.3,3.7,0
399,Lil'Jordan Humphrey,NOR,22,wr,3,1,5,3,60.00%,46,15.3,1,3,17,9.2,1,15.3,0
400,D'Ernest Johnson,CLE,24,,16,0,4,3,75.00%,14,4.7,0,0,5,3.5,0.2,0.9,1
401,Dalton Keene,NWE,21,,6,0,5,3,60.00%,16,5.3,0,0,8,3.2,0.5,2.7,1
402,Marlon Mack,IND,24,rb,1,1,3,3,100.00%,30,10,0,1,19,10,3,30,0
403,Ty Montgomery,NOR,27,rb,6,1,6,3,50.00%,27,9,0,1,17,4.5,0.5,4.5,0
404,Alfred Morris,NYG,32,,9,0,4,3,75.00%,19,6.3,1,2,9,4.8,0.3,2.1,0
405,Eric Saubert,JAX,26,,8,4,4,3,75.00%,16,5.3,0,0,9,4,0.4,2,0
406,Diontae Spencer,DEN,28,,11,0,6,3,50.00%,26,8.7,0,1,10,4.3,0.3,2.4,2
407,Courtland Sutton,DEN,25,wr,1,1,6,3,50.00%,66,22,0,2,45,11,3,66,0
408,Kahale Warring,HOU,23,,7,0,7,3,42.90%,35,11.7,0,2,23,5,0.4,5,0
409,Nick Westbrook-Ikhine,TEN,23,wr,14,1,8,3,37.50%,33,11,0,3,19,4.1,0.2,2.4,0
410,Charlie Woerner,SFO,23,,14,0,4,3,75.00%,36,12,0,2,18,9,0.2,2.6,0
411,Brandon Zylstra,CAR,27,wr,16,2,4,3,75.00%,35,11.7,0,3,28,8.8,0.2,2.2,0
412,Devin Asiasi,NWE,23,te,9,3,7,2,28.60%,39,19.5,1,2,26,5.6,0.2,4.3,0
413,Reggie Bonnafon,CAR,24,,2,0,2,2,100.00%,18,9,1,2,15,9,1,9,0
414,Mike Boone,MIN,25,,16,0,2,2,100.00%,10,5,0,0,6,5,0.1,0.6,0
415,Daniel Brown,NYJ,28,te,16,1,2,2,100.00%,31,15.5,0,2,18,15.5,0.1,1.9,0
416,Jake Butt,DEN,25,,5,1,4,2,50.00%,5,2.5,0,0,5,1.3,0.4,1,0
417,Jason Cabinda,DET,24,mlb,16,2,3,2,66.70%,8,4,0,1,4,2.7,0.1,0.5,0
418,Lawrence Cager,NYJ,23,wr,2,1,6,2,33.30%,35,17.5,0,2,19,5.8,1,17.5,0
419,Antonio Callaway,MIA,23,wr,5,1,4,2,50.00%,20,10,0,1,13,5,0.4,4,0
420,Chandler Cox,MIA,24,,8,3,2,2,100.00%,9,4.5,0,1,6,4.5,0.3,1.1,0
421,Dominique Dafney,GNB,23,te,5,2,2,2,100.00%,26,13,1,2,13,13,0.4,5.2,0
422,AJ Dillon,GNB,22,,11,0,2,2,100.00%,21,10.5,0,1,16,10.5,0.2,1.9,0
423,Darrynton Evans,TEN,22,,5,0,4,2,50.00%,27,13.5,1,2,24,6.8,0.4,5.4,0
424,Robert Foster,WAS,26,wr,4,2,6,2,33.30%,37,18.5,0,2,28,6.2,0.5,9.3,0
425,Daurice Fountain,IND,25,,5,0,3,2,66.70%,23,11.5,0,2,12,7.7,0.4,4.6,0
426,Bennie Fowler,NOR,29,,5,0,6,2,33.30%,11,5.5,0,1,7,1.8,0.4,2.2,0
427,Reggie Gilliam,BUF,23,,14,0,2,2,100.00%,16,8,1,2,15,8,0.1,1.1,0
428,Andy Janovich,CLE,27,fb,14,3,5,2,40.00%,13,6.5,0,1,13,2.6,0.1,0.9,0
429,Lamar Miller,CHI,29,,1,0,2,2,100.00%,6,3,0,1,7,3,2,6,0
430,Cam Newton,NWE,31,QB,15,15,2,2,100.00%,35,17.5,1,2,19,17.5,0.1,2.3,6
431,Colby Parkinson,SEA,21,,6,0,2,2,100.00%,16,8,0,2,10,8,0.3,2.7,0
432,Elijhaa Penny,NYG,27,,14,0,3,2,66.70%,20,10,0,1,11,6.7,0.1,1.4,0
433,John Ross,CIN,25,wr,3,1,7,2,28.60%,17,8.5,0,1,15,2.4,0.7,5.7,0
434,Isaiah Zuber,NWE,23,,4,0,2,2,100.00%,29,14.5,0,1,16,14.5,0.5,7.3,0
435,Josh Allen *,BUF,24,QB,16,16,1,1,100.00%,12,12,1,1,12,12,0.1,0.8,9
436,Marcus Baugh,WAS,26,te,8,1,1,1,100.00%,2,2,0,0,2,2,0.1,0.3,0
437,LeVante Bellamy,DEN,24,,5,0,1,1,100.00%,5,5,0,0,5,5,0.2,1,0
438,Nick Bellore*,SEA,31,,16,0,1,1,100.00%,9,9,0,1,9,9,0.1,0.6,0
439,Hunter Bryant,DET,22,,5,0,3,1,33.30%,44,44,0,1,44,14.7,0.2,8.8,0
440,Stephen Carlson,CLE,24,te,16,2,2,1,50.00%,11,11,0,1,11,5.5,0.1,0.7,0
441,Derek Carrier,LVR,30,,16,0,1,1,100.00%,14,14,0,1,14,14,0.1,0.9,0
442,DeAndre Carter,2TM,27,,13,0,2,1,50.00%,8,8,0,0,8,4,0.1,0.6,2
443,Alex Collins,SEA,26,rb,3,1,2,1,50.00%,4,4,0,0,4,2,0.3,1.3,0
444,Jason Croom,PHI,26,,4,0,1,1,100.00%,3,3,1,1,3,3,0.3,0.8,0
445,Andy Dalton,DAL,33,qb,11,9,1,1,100.00%,-3,-3,0,0,-3,-3,0.1,-0.3,2
446,Josiah Deguara,GNB,23,te,2,1,2,1,50.00%,12,12,0,1,12,6,0.5,6,0
447,Gehrig Dieter,KAN,27,,4,0,2,1,50.00%,10,10,0,1,10,5,0.3,2.5,0
448,Brandon Dillon,MIN,23,,3,0,1,1,100.00%,6,6,0,0,6,6,0.3,2,0
449,Ben Ellefson,JAX,24,te,7,4,4,1,25.00%,10,10,0,1,10,2.5,0.1,1.4,0
450,Eric Fisher*,KAN,29,LT,15,15,1,1,100.00%,2,2,1,1,2,2,0.1,0.1,0
451,Ryan Fitzpatrick,MIA,38,qb,9,7,1,1,100.00%,0,0,0,0,0,0,0.1,0,2
452,D'Onta Foreman,TEN,24,,6,0,1,1,100.00%,5,5,1,1,5,5,0.2,0.8,0
453,D.J. Foster,ARI,27,,10,0,1,1,100.00%,7,7,0,1,7,7,0.1,0.7,0
454,Antonio Gandy-Golden,WAS,22,wr,6,2,7,1,14.30%,3,3,0,0,3,0.4,0.2,0.5,0
455,Cullen Gillaspia,HOU,25,,7,0,1,1,100.00%,6,6,0,0,6,6,0.1,0.9,0
456,Penny Hart,SEA,24,,13,0,1,1,100.00%,3,3,0,0,3,3,0.1,0.2,0
457,Temarrick Hemingway,WAS,27,,8,0,2,1,50.00%,10,10,0,1,10,5,0.1,1.3,0
458,Dontrell Hilliard,2TM,25,,7,0,1,1,100.00%,2,2,0,0,2,2,0.1,0.3,0
459,Cody Hollister,TEN,27,,2,0,1,1,100.00%,12,12,0,1,12,12,0.5,6,0
460,Jordan Howard,2TM,26,,7,4,1,1,100.00%,-3,-3,0,0,0,-3,0.1,-0.4,1
461,Buddy Howell,HOU,24,,14,0,2,1,50.00%,3,3,0,0,3,1.5,0.1,0.2,0
462,Jason Huntley,PHI,22,,5,0,2,1,50.00%,0,0,0,0,0,0,0.2,0,0
463,Jalen Hurts,PHI,22,qb,15,4,1,1,100.00%,3,3,0,0,3,3,0.1,0.2,9
464,Trenton Irwin,CIN,25,,1,0,2,1,50.00%,5,5,0,0,5,2.5,1,5,0
465,Blake Jarwin,DAL,26,te,1,1,1,1,100.00%,12,12,0,1,12,12,1,12,0
466,Marcus Kemp,2TM,25,,11,0,1,1,100.00%,11,11,0,1,11,11,0.1,1,0
467,Adrian Killins,PHI,22,,1,0,1,1,100.00%,2,2,0,0,2,2,1,2,0
468,Keith Kirkwood,CAR,26,,1,0,2,1,50.00%,13,13,0,0,13,6.5,1,13,0
469,Jake Kumerow,BUF,28,,6,0,1,1,100.00%,22,22,1,1,22,22,0.2,3.7,0
470,Kendall Lamm,CLE,28,t,15,1,1,1,100.00%,1,1,1,1,1,1,0.1,0.1,0
471,Tommylee Lewis,NOR,28,,5,0,3,1,33.30%,5,5,0,0,5,1.7,0.2,1,0
472,Bobby Massie,CHI,31,rt,8,8,1,1,100.00%,4,4,0,1,4,4,0.1,0.5,0
473,Baker Mayfield,CLE,25,QB,16,16,1,1,100.00%,6,6,0,1,6,6,0.1,0.4,8
474,Bruce Miller,JAX,33,fb,8,5,2,1,50.00%,2,2,0,1,2,1,0.1,0.3,0
475,Gardner Minshew II,JAX,24,qb,9,8,1,1,100.00%,0,0,0,0,0,0,0.1,0,5
476,Donte Moncrief,NWE,27,,6,0,2,1,50.00%,15,15,0,1,15,7.5,0.2,2.5,0
477,Isaac Nauta,DET,23,,7,0,2,1,50.00%,3,3,0,0,3,1.5,0.1,0.4,0
478,Siran Neal,BUF,26,,16,0,1,1,100.00%,13,13,0,1,13,13,0.1,0.8,0
479,Scottie Phillips,HOU,23,,8,0,1,1,100.00%,7,7,0,0,7,7,0.1,0.9,0
480,Dak Prescott,DAL,27,qb,5,5,1,1,100.00%,11,11,1,1,11,11,0.2,2.2,3
481,James Proche,BAL,24,,14,0,3,1,33.30%,14,14,0,1,14,4.7,0.1,1,0
482,Craig Reynolds,JAX,24,,2,0,1,1,100.00%,3,3,0,0,3,3,0.5,1.5,0
483,Aaron Rodgers *+,GNB,37,QB,16,16,1,1,100.00%,-6,-6,0,0,-6,-6,0.1,-0.4,4
484,Jaleel Scott,NYJ,25,wr,1,1,1,1,100.00%,16,16,0,1,16,16,1,16,0
485,Anthony Sherman,KAN,32,rb,13,1,2,1,50.00%,5,5,1,1,5,2.5,0.1,0.4,0
486,Vyncint Smith,NYJ,24,,7,0,3,1,33.30%,13,13,0,1,13,4.3,0.1,1.9,0
487,Jeremy Sprinkle,WAS,26,te,16,6,3,1,33.30%,6,6,0,0,6,2,0.1,0.4,0
488,Ryan Tannehill,TEN,32,QB,16,16,1,1,100.00%,0,0,0,0,0,0,0.1,0,6
489,J.J. Taylor,NWE,22,,6,0,2,1,50.00%,4,4,0,0,4,2,0.2,0.7,0
490,Jordan Thomas,2TM,24,,6,0,2,1,50.00%,3,3,1,1,3,1.5,0.2,0.5,0
491,Colin Thompson,CAR,27,te,15,4,2,1,50.00%,7,7,1,1,7,3.5,0.1,0.5,0
492,Zeke Turner,ARI,24,,16,0,1,1,100.00%,26,26,0,1,26,26,0.1,1.6,0
493,Austin Walter,SFO,24,,4,0,1,1,100.00%,27,27,0,1,27,27,0.3,6.8,0
494,Jonathan Ward,ARI,23,,14,0,1,1,100.00%,11,11,1,1,11,11,0.1,0.8,0
495,Trevon Wesco,NYJ,25,te,12,4,2,1,50.00%,5,5,0,0,5,2.5,0.1,0.4,0
496,Dede Westbrook,JAX,27,,2,0,1,1,100.00%,4,4,0,0,4,4,0.5,2,1
497,Antonio Williams,BUF,23,,1,0,1,1,100.00%,20,20,0,1,20,20,1,20,0
498,Luke Willson,2TM,30,,8,0,3,1,33.30%,12,12,0,0,12,4,0.1,1.5,0
499,T.J. Yeldon,BUF,27,,3,0,4,1,25.00%,22,22,1,1,22,5.5,0.3,7.3,1